{
  "best_global_step": null,
  "best_metric": null,
  "best_model_checkpoint": null,
  "epoch": 4.905263157894737,
  "eval_steps": 500,
  "global_step": 235,
  "is_hyper_param_search": false,
  "is_local_process_zero": true,
  "is_world_process_zero": true,
  "log_history": [
    {
      "epoch": 1.0421052631578946,
      "grad_norm": 3.089124917984009,
      "learning_rate": 0.000196,
      "loss": 1.4309,
      "mean_token_accuracy": 0.6621735926830408,
      "num_tokens": 14714.0,
      "step": 50
    },
    {
      "epoch": 2.0842105263157893,
      "grad_norm": 4.437388896942139,
      "learning_rate": 0.00016733264555011195,
      "loss": 0.5449,
      "mean_token_accuracy": 0.8672157309272073,
      "num_tokens": 29235.0,
      "step": 100
    },
    {
      "epoch": 3.126315789473684,
      "grad_norm": 1.8288300037384033,
      "learning_rate": 8.898437230760058e-05,
      "loss": 0.1641,
      "mean_token_accuracy": 0.971060204385507,
      "num_tokens": 43771.0,
      "step": 150
    },
    {
      "epoch": 4.168421052631579,
      "grad_norm": 0.8176535367965698,
      "learning_rate": 1.811186089259983e-05,
      "loss": 0.0613,
      "mean_token_accuracy": 0.9897337218727729,
      "num_tokens": 58245.0,
      "step": 200
    }
  ],
  "logging_steps": 50,
  "max_steps": 235,
  "num_input_tokens_seen": 0,
  "num_train_epochs": 5,
  "save_steps": 100,
  "stateful_callbacks": {
    "TrainerControl": {
      "args": {
        "should_epoch_stop": false,
        "should_evaluate": false,
        "should_log": false,
        "should_save": true,
        "should_training_stop": true
      },
      "attributes": {}
    }
  },
  "total_flos": 427591227027456.0,
  "train_batch_size": 1,
  "trial_name": null,
  "trial_params": null
}
