{
  "best_global_step": null,
  "best_metric": null,
  "best_model_checkpoint": null,
  "epoch": 4.658823529411765,
  "eval_steps": 500,
  "global_step": 200,
  "is_hyper_param_search": false,
  "is_local_process_zero": true,
  "is_world_process_zero": true,
  "log_history": [
    {
      "epoch": 1.1647058823529413,
      "grad_norm": 2.280038595199585,
      "learning_rate": 0.000196,
      "loss": 1.4254,
      "mean_token_accuracy": 0.6650435786054592,
      "num_tokens": 14722.0,
      "step": 50
    },
    {
      "epoch": 2.3294117647058825,
      "grad_norm": 2.907839775085449,
      "learning_rate": 0.00015717879602276122,
      "loss": 0.5889,
      "mean_token_accuracy": 0.8552006561346729,
      "num_tokens": 29263.0,
      "step": 100
    },
    {
      "epoch": 3.4941176470588236,
      "grad_norm": 1.3866667747497559,
      "learning_rate": 6.355295001208504e-05,
      "loss": 0.1418,
      "mean_token_accuracy": 0.9754235214657254,
      "num_tokens": 43877.0,
      "step": 150
    },
    {
      "epoch": 4.658823529411765,
      "grad_norm": 0.5553061366081238,
      "learning_rate": 2.3234118679127615e-06,
      "loss": 0.0506,
      "mean_token_accuracy": 0.9914986719988813,
      "num_tokens": 58446.0,
      "step": 200
    }
  ],
  "logging_steps": 50,
  "max_steps": 210,
  "num_input_tokens_seen": 0,
  "num_train_epochs": 5,
  "save_steps": 100,
  "stateful_callbacks": {
    "TrainerControl": {
      "args": {
        "should_epoch_stop": false,
        "should_evaluate": false,
        "should_log": false,
        "should_save": true,
        "should_training_stop": false
      },
      "attributes": {}
    }
  },
  "total_flos": 364358670557184.0,
  "train_batch_size": 1,
  "trial_name": null,
  "trial_params": null
}
